{"cameraMode":{"drawMode":0,"name":"Shaded","section":"Shading Mode"},"sceneLighting":true,"audioPlay":false,"sceneViewState":{"showFog":true,"showMaterialUpdate":false,"showSkybox":true,"showFlares":true,"showImageEffects":true,"showParticleSystems":true},"in2DMode":false,"pivot":{"x":-0.039699990302324298,"y":1.9762020111083985,"z":-0.05294780433177948},"rotation":{"x":-0.18889157474040986,"y":-0.2736782729625702,"z":0.05490652099251747,"w":-0.9414952397346497},"size":0.4668700098991394,"orthographic":true}