{"cameraMode":{"drawMode":0,"name":"Shaded","section":"Shading Mode"},"sceneLighting":false,"audioPlay":false,"sceneViewState":{"showFog":true,"showMaterialUpdate":false,"showSkybox":true,"showFlares":true,"showImageEffects":true,"showParticleSystems":true},"in2DMode":false,"pivot":{"x":-0.12539999186992646,"y":-0.02659810334444046,"z":-0.05294780433177948},"rotation":{"x":-0.2364836484193802,"y":0.02243984490633011,"z":-0.005463134963065386,"w":-0.971363365650177},"size":0.5412412881851196,"orthographic":false}